Volume, Section, Started,    Finished, Proofread, Start 2nd, Finish 2nd
  1,      3,    2021-02-04, 2021-02-14, 2021-03-06, ,
  1,     12,    2021-02-05, 2021-02-14, 2021-03-07, ,
  2,      3,    2021-02-18, 2021-02-21, 2021-03-07, ,
  2,     12,    2021-02-18, 2021-02-18, 2021-03-07, ,
  3,      3,    2021-02-22, 2021-02-26, 2021-03-08, ,
  3,     12,    2021-02-28, 2021-02-28, 2021-03-08, ,
  4,      3,    2021-03-01, 2021-03-05, 2021-03-08, ,
  4,     12,    2021-03-07, 2021-03-07, 2021-03-08, ,
  5,      3,    2021-03-10, 2021-03-13, 2021-03-14, ,
  5,     12,    2021-03-14, 2021-03-14, , ,
  6,      3,    , , , ,
  6,     12,    , , , ,
  7,      3,    , , , ,
  7,     12,    , , , ,
  8,      3,    , , , ,
  8,     12,    , , , ,
  9,      3,    , , , ,
  9,     12,    , , , ,
 10,      3,    , , , ,
 10,     12,    , , , ,
 11,      3,    , , , ,
 11,     12,    , , , ,
 12,      3,    , , , ,
 12,     12,    , , , ,
 13,      3,    , , , ,
 13,     12,    , , , ,
 14,      3,    , , , ,
 14,     12,    , , , ,
 15,      3,    , , , ,
 15,     12,    , , , ,
 16,      3,    , , , ,
 16,     12,    , , , ,
 17,      3,    , , , ,
 17,     12,    , , , ,
 18,      3,    , , , ,
 18,     12,    , , , ,
 19,      3,    , , , ,
 19,     12,    , , , ,
 20,      3,    , , , ,
 20,     12,    , , , ,
 21,      3,    , , , ,
 21,     12,    , , , ,
 22,      3,    , , , ,
 22,     12,    , , , ,
 23,      3,    , , , ,
 23,     12,    , , , ,
 24,      3,    , , , ,
 24,     12,    , , , ,
 25,      3,    , , , ,
 25,     12,    , , , ,
 26,      3,    , , , ,
 26,     12,    , , , ,
 27,      3,    , , , ,
 27,     12,    , , , ,
 28,      3,    , , , ,
 28,     12,    , , , ,
 29,      3,    , , , ,
 29,     12,    , , , ,
 30,      3,    , , , ,
 30,     12,    , , , ,
 31,      3,    , , , ,
 31,     12,    , , , ,
 32,      3,    , , , ,
 32,     12,    , , , ,
 33,      3,    , , , ,
 33,     12,    , , , ,
 34,      3,    , , , ,
 34,     12,    , , , ,
 35,      3,    , , , ,
 35,     12,    , , , ,
 36,      3,    , , , ,
 36,     12,    , , , ,
 37,      3,    , , , ,
 37,     12,    , , , ,
 38,      3,    , , , ,
 38,     12,    , , , ,
 39,      3,    , , , ,
 39,     12,    , , , ,
 40,      3,    , , , ,
 40,     12,    , , , ,
 41,      3,    , , , ,
 41,     12,    , , , ,
 42,      3,    , , , ,
 42,     12,    , , , ,
 43,      3,    , , , ,
 43,     12,    , , , ,
 44,      3,    , , , ,
 44,     12,    , , , ,
 45,      3,    , , , ,
 45,     12,    , , , ,
 46,      3,    , , , ,
 46,     12,    , , , ,
 47,      3,    , , , ,
 47,     12,    , , , ,
 48,      3,    , , , ,
 48,     12,    , , , ,
 49,      3,    , , , ,
 49,     12,    , , , ,
 50,      3,    , , , ,
 50,     12,    , , , ,
 51,      3,    , , , ,
 51,     12,    , , , ,
 52,      3,    , , , ,
 52,     12,    , , , ,
 53,      3,    , , , ,
 53,     12,    , , , ,
 54,      3,    , , , ,
 54,     12,    , , , ,
 55,      3,    , , , ,
 55,     12,    , , , ,
 56,      3,    , , , ,
 56,     12,    , , , ,
 57,      3,    , , , ,
 57,     12,    , , , ,
 58,      3,    , , , ,
 58,     12,    , , , ,
 59,      3,    , , , ,
 59,     12,    , , , ,
 60,      3,    , , , ,
 60,     12,    , , , ,
 61,      3,    , , , ,
 61,     12,    , , , ,
 62,      3,    , , , ,
 62,     12,    , , , ,
 63,      3,    , , , ,
 63,     12,    , , , ,
 64,      3,    , , , ,
 64,     12,    , , , ,
 65,      3,    , , , ,
 65,     12,    , , , ,
 66,      3,    , , , ,
 66,     12,    , , , ,
 67,      3,    , , , ,
 67,     12,    , , , ,
 68,      3,    , , , ,
 68,     12,    , , , ,
 69,      3,    , , , ,
 69,     12,    , , , ,
 70,      3,    , , , ,
 70,     12,    , , , ,
 71,      3,    , , , ,
 71,     12,    , , , ,
 72,      3,    , , , ,
 72,     12,    , , , ,
 73,      3,    , , , ,
 73,     12,    , , , ,
